metric	castle	castleL	citrus	citrusL	howley	howleyL
retries	0.64	0.46	0.88	0.88	2.13	1.15
seek-time	3.68636	3.87359	4.31843	4.54335	4.52123	6.19766
modify-time	4.59962	4.75815	24.88094	24.76708	7.46936	7.00378
seek-length	18.83	18.7	19.24	18.69	18.93	18.24
latency-impact	7.6400125	7.1290875	3.6642625	3.95785	8.310025	9.3622375
throughput	52.42	50.7	19.44	18.32	36.69	29.66
